Sell ID,Name,Type,Price
0,Avanish Rao Aravelly,Wicket-Keeper,"1,00,00,000"
1,Mustafizur Rahman,Bowler,"2,00,00,000"
2,Daryl Mitchell,All-Rounder,"2,00,00,000"
3,Sameer Rizvi,Batter,"2,00,00,000"
4,Rachin Ravindra,All-Rounder,"2,00,00,000"
5,Shardul Thakur,All-Rounder,"2,00,00,000"
6,Ricky Bhui,Wicket-Keeper,"1,00,00,000"
7,Sumit Kumar,All-Rounder,"2,00,00,000"
8,Swastik Chhikara,Batter,"1,00,00,000"
9,Jhye Richardson,Bowler,"2,00,00,000"
10,Shai Hope,Wicket-Keeper,"2,00,00,000"
11,Rasikh Dar,Bowler,"1,00,00,000"
12,Kumar Kushagra,Wicket-Keeper,"2,00,00,000"
13,Tristan Stubbs,Wicket-Keeper,"2,00,00,000"
14,Harry Brook,Batter,"2,00,00,000"
15,Kartik Tyagi,Bowler,"2,00,00,000"
16,Spencer Johnson,Bowler,"2,00,00,000"
17,Manav Suthar,Bowler,"1,00,00,000"
18,Robin Minz,Wicket-Keeper,"2,00,00,000"
19,Sushant Mishra,Bowler,"2,00,00,000"
20,Azmatullah Omarzai,All-Rounder,"2,00,00,000"
21,Shahrukh Khan,All-Rounder,"2,00,00,000"
22,Mujeeb Rahman,Bowler,"2,00,00,000"
23,Manish Pandey,Batter,"2,00,00,000"
24,Gus Atkinson,Bowler,"2,00,00,000"
25,Angkrish Raghuvanshi,Batter,"1,00,00,000"
26,Mitchell  Starc,Bowler,"2,00,00,000"
27,Sherfane Rutherford,Batter,"2,00,00,000"
28,Ramandeep  Singh,All-Rounder,"1,00,00,000"
29,Chetan Sakariya,Bowler,"2,00,00,000"
30,Sakib Hussain,Bowler,"1,00,00,000"
31,Ashton Turner,Batter,"2,00,00,000"
32,M. Siddharth,Bowler,"2,00,00,000"
33,Arshin Kulkarni,All-Rounder,"1,00,00,000"
34,Mohd. Arshad Khan,All-Rounder,"1,00,00,000"
35,Dilshan Madushanka,Bowler,"2,00,00,000"
36,Shreyas Gopal,Bowler,"1,00,00,000"
37,Shivalik Sharma,All-Rounder,"1,00,00,000"
38,Anshul Kamboj,All-Rounder,"1,00,00,000"
39,Naman Dhir,All-Rounder,"1,00,00,000"
40,Nuwan Thushara,Bowler,"2,00,00,000"
41,Gerald Coetzee,All-Rounder,"2,00,00,000"
42,Chris Woakes,All-Rounder,"2,00,00,000"
43,Tanay Thyagarajann,All-Rounder,"1,00,00,000"
44,Vishwanath Pratap Singh,All-Rounder,"1,00,00,000"
45,Ashutosh Sharma,All-Rounder,"1,00,00,000"
46,Shashank  Singh,Batter,"1,00,00,000"
47,Rilee Rossouw,Batter,"2,00,00,000"
48,Prince Choudhary,Bowler,"1,00,00,000"
49,Shubham Dubey,Batter,"2,00,00,000"
50,Rovman Powell,Batter,"2,00,00,000"
51,Abid Mushtaq,All-Rounder,"1,00,00,000"
52,Nandre Burger,Bowler,"2,00,00,000"
53,Tom Kohler-Cadmore,Wicket-Keeper,"1,00,00,000"
54,Lockie Ferguson,Bowler,"2,00,00,000"
55,Saurav Chuahan,Batter,"1,00,00,000"
56,Alzarri Joseph,Bowler,"2,00,00,000"
57,Swapnil Singh,All-Rounder,"1,00,00,000"
58,Yash  Dayal,Bowler,"2,00,00,000"
59,Jhathavedh Subramanyan,Bowler,"1,00,00,000"
60,Akash Singh,Bowler,"1,00,00,000"
61,Jaydev Unadkat,Bowler,"2,00,00,000"
62,Wanindu Hasaranga,All-Rounder,"2,00,00,000"
63,Pat Cummins,All-Rounder,"2,00,00,000"
64,Travis Head,Batter,"2,00,00,000"
65,Ajinkya Rahane,Batter,"2,00,00,000"
66,Bhagath Varma,All-Rounder,"1,00,00,000"
67,Kyle Jamieson,Bowler,"2,00,00,000"
68,Ajay Mandal,All-Rounder,"1,00,00,000"
69,Nishant Sindhu,All-Rounder,"2,00,00,000"
70,Shaik Rasheed,Batter,"1,00,00,000"
71,Ben Stokes,All-Rounder,"2,00,00,000"
72,Phil Salt,Wicket-Keeper,"2,00,00,000"
73,Ishant Sharma,Bowler,"2,00,00,000"
74,Mukesh Kumar,Bowler,"2,00,00,000"
75,Shivam Mavi,Bowler,"2,00,00,000"
76,Urvil Patel,Wicket-Keeper,"1,00,00,000"
77,Mohit Sharma,Bowler,"2,00,00,000"
78,Joshua Little,Bowler,"2,00,00,000"
79,Kane Williamson,Batter,"2,00,00,000"
80,Odean Smith,All-Rounder,"2,00,00,000"
81,Kulwant Khejroliya,Bowler,"1,00,00,000"
82,Vaibhav Arora,Bowler,"2,00,00,000"
83,N. Jagadeesan,Wicket-Keeper,"2,00,00,000"
84,David Wiese,All-Rounder,"2,00,00,000"
85,Mandeep Singh,Batter,"2,00,00,000"
86,Litton Das,Wicket-Keeper,"2,00,00,000"
87,Suyash Sharma,Bowler,"1,00,00,000"
88,Amit Mishra,Bowler,"2,00,00,000"
89,Nicholas Pooran,Wicket-Keeper,"2,00,00,000"
90,Romario Shepherd,All-Rounder,"2,00,00,000"
91,Daniel Sams,All-Rounder,"2,00,00,000"
92,Yudhvir Charak,All-Rounder,"1,00,00,000"
93,Yash Thakur,Bowler,"1,00,00,000"
94,Naveen Ul Haq,Bowler,"2,00,00,000"
95,Nehal Wadhera,All-Rounder,"1,00,00,000"
96,Raghav Goyal,Bowler,"1,00,00,000"
97,Cameron Green,All-Rounder,"2,00,00,000"
98,Duan Jansen,All-Rounder,"1,00,00,000"
99,Piyush Chawla,Bowler,"2,00,00,000"
100,Shams Mulani,All-Rounder,"1,00,00,000"
101,Harpreet Bhatia,Batter,"1,00,00,000"
102,Shivam Singh,All-Rounder,"1,00,00,000"
103,Vidwath Kaverappa,Bowler,"1,00,00,000"
104,Mohit Rathee,All-Rounder,"1,00,00,000"
105,Sam Curran,All-Rounder,"2,00,00,000"
106,Sikandar Raza,All-Rounder,"2,00,00,000"
107,Jason Holder,All-Rounder,"2,00,00,000"
108,Adam Zampa,Bowler,"2,00,00,000"
109,Abdul P A,All-Rounder,"1,00,00,000"
110,Akash Vashisht,All-Rounder,"1,00,00,000"
111,Donovan Ferreira,Wicket-Keeper,"2,00,00,000"
112,Kunal Rathore,Wicket-Keeper,"1,00,00,000"
113,Joe Root,Batter,"2,00,00,000"
114,Murugan Ashwin,Bowler,"1,00,00,000"
115,K.M. Asif,Bowler,"1,00,00,000"
116,Sonu Yadav,All-Rounder,"1,00,00,000"
117,Himanshu Sharma,Bowler,"1,00,00,000"
118,Avinash Singh,Bowler,"2,00,00,000"
119,Manoj Bhandage,All-Rounder,"1,00,00,000"
120,Will Jacks,Batter,"2,00,00,000"
121,Reece Topley,Bowler,"2,00,00,000"
122,Rajan Kumar,Bowler,"2,00,00,000"
123,Sanvir Singh,All-Rounder,"1,00,00,000"
124,Harry Brook,Batter,"2,00,00,000"
125,Akeal Hosein,Bowler,"2,00,00,000"
126,Mayank Markande,Bowler,"2,00,00,000"
127,Adil Rashid,Bowler,"2,00,00,000"
128,Vivrant Sharma,All-Rounder,"2,00,00,000"
129,Samarth Vyas,All-Rounder,"1,00,00,000"
130,Upendra Singh Yadav,Wicket-Keeper,"1,00,00,000"
131,Nitish Kumar Reddy,Wicket-Keeper,"1,00,00,000"
132,Mayank Agarwal,Batter,"2,00,00,000"
133,Mayank Dagar,All-Rounder,"2,00,00,000"
134,Robin Uthappa,Batsman,"2,00,00,000"
135,Dwayne Bravo,All-Rounder,"2,00,00,000"
136,Ambati Rayudu,Wicket Keeper,"2,00,00,000"
137,Deepak Chahar,Bowler,"2,00,00,000"
138,C.Hari Nishaanth,Batsman,"1,00,00,000"
139,Shivam Dube,All-Rounder,"2,00,00,000"
140,Chris Jordan,All-Rounder,"2,00,00,000"
141,Maheesh Theekshana,Bowler,"2,00,00,000"
142,Rajvardhan Hangargekar,All-Rounder,"2,00,00,000"
143,Simarjeet Singh,Bowler,"1,00,00,000"
144,Devon Conway,Batsman,"2,00,00,000"
145,Dwaine Pretorius,All-Rounder,"2,00,00,000"
146,Mitchell Santner,All-Rounder,"2,00,00,000"
147,Adam Milne,Bowler,"2,00,00,000"
148,Subhranshu Senapati,Batsman,"1,00,00,000"
149,Mukesh Choudhary,Bowler,"1,00,00,000"
150,Prashant Solanki,Bowler,"2,00,00,000"
151,K.Bhagath Varma,All-Rounder,"1,00,00,000"
152,David Warner,Batsman,"2,00,00,000"
153,Mitchell Marsh,All-Rounder,"2,00,00,000"
154,Kuldeep Yadav,Bowler,"2,00,00,000"
155,Ashwin Hebbar,Batsman,"1,00,00,000"
156,Sarfaraz Khan,All-Rounder,"1,00,00,000"
157,Kamlesh Nagarkoti,All-Rounder,"2,00,00,000"
158,Syed Khaleel Ahmed,Bowler,"2,00,00,000"
159,Lungisani Ngidi,Bowler,"2,00,00,000"
160,Yash Dhull,All-Rounder,"2,00,00,000"
161,Vicky Ostwal,All-Rounder,"1,00,00,000"
162,Ripal Patel,All-Rounder,"1,00,00,000"
163,Lalit Yadav,All-Rounder,"2,00,00,000"
164,Tim Seifert,Wicket Keeper,"2,00,00,000"
165,Pravin Dubey,All-Rounder,"2,00,00,000"
166,Mohammad Shami,Bowler,"2,00,00,000"
167,David Miller,Batsman,"2,00,00,000"
168,Jason Roy,Batsman,"2,00,00,000"
169,Wriddhiman  Saha,Wicket Keeper,"2,00,00,000"
170,Matthew Wade,Wicket Keeper,"2,00,00,000"
171,Abhinav Sadarangani,Batsman,"2,00,00,000"
172,Rahul Tewatia,All-Rounder,"2,00,00,000"
173,Noor  Ahmad,Bowler,"1,00,00,000"
174,R. Sai Kishore,Bowler,"2,00,00,000"
175,Dominic Drakes,All-Rounder,"2,00,00,000"
176,Jayant Yadav,All-Rounder,"2,00,00,000"
177,Darshan Nalkande,All-Rounder,"1,00,00,000"
178,B. Sai Sudharsan,All-Rounder,"1,00,00,000"
179,Gurkeerat Singh,All-Rounder,"2,00,00,000"
180,Alzarri Joseph,Bowler,"2,00,00,000"
181,Varun Aaron,Bowler,"2,00,00,000"
182,Pradeep Sangwan,All-Rounder,"1,00,00,000"
183,Shreyas Iyer,Batsman,"2,00,00,000"
184,Mohammad  Nabi,All-Rounder,"2,00,00,000"
185,Nitish Rana,All-Rounder,"2,00,00,000"
186,Sam Billings,Wicket Keeper,"2,00,00,000"
187,Umesh Yadav,Bowler,"2,00,00,000"
188,Shivam  Mavi,All-Rounder,"2,00,00,000"
189,Sheldon Jackson,Wicket Keeper,"2,00,00,000"
190,Ajinkya Rahane,Batsman,"2,00,00,000"
191,Rinku Singh,Batsman,"3,00,00,000"
192,Anukul Roy,All-Rounder,"1,00,00,000"
193,Alex Hales,Batsman,"2,00,00,000"
194,Tim Southee,Bowler,"2,00,00,000"
195,Baba Indrajith,Wicket Keeper,"1,00,00,000"
196,Chamika Karunaratne,All-Rounder,"2,00,00,000"
197,Abhijeet Tomar,Batsman,"1,00,00,000"
198,Aman Khan,All-Rounder,"1,00,00,000"
199,Ramesh Kumar,Batsman,"1,00,00,000"
200,Pratham Singh,Batsman,"1,00,00,000"
201,Ashok Sharma,Bowler,"2,00,00,000"
202,Mark Wood,Bowler,"2,00,00,000"
203,Avesh Khan,Bowler,"2,00,00,000"
204,Ankit Singh Rajpoot,Bowler,"2,00,00,000"
205,K. Gowtham,All-Rounder,"2,00,00,000"
206,Dushmanta Chameera,Bowler,"2,00,00,000"
207,Manan Vohra,Batsman,"1,00,00,000"
208,Evin Lewis,Batsman,"2,00,00,000"
209,Mohsin Khan,Bowler,"1,00,00,000"
210,Mayank Yadav,Bowler,"1,00,00,000"
211,Ayush Badoni,All-Rounder,"1,00,00,000"
212,Kyle Mayers,All-Rounder,"2,00,00,000"
213,Karan Sharma,All-Rounder,"1,00,00,000"
214,Deepak Hooda,All-Rounder,"2,00,00,000"
215,Ishan Kishan,Wicket Keeper,"2,00,00,000"
216,Dewald Brevis,Batsman,"2,00,00,000"
217,N. Tilak Varma,All-Rounder,"2,00,00,000"
218,Sanjay Yadav,All-Rounder,"2,00,00,000"
219,Jofra Archer,All-Rounder,"2,00,00,000"
220,Daniel Sams,All-Rounder,"2,00,00,000"
221,Tymal Mills,Bowler,"2,00,00,000"
222,Tim David,All-Rounder,"2,00,00,000"
223,Aryan Juyal,Wicket Keeper,"1,00,00,000"
224,Fabian Allen,All-Rounder,"2,00,00,000"
225,Riley Meredith,Bowler,"2,00,00,000"
226,Rahul Buddhi,Batsman,"1,00,00,000"
227,Hrithik Shokeen,All-Rounder,"1,00,00,000"
228,Shikhar Dhawan,Batsman,"2,00,00,000"
229,Kagiso Rabada,Bowler,"2,00,00,000"
230,Jonny Bairstow,Wicket Keeper,"2,00,00,000"
231,Rahul Chahar,Bowler,"2,00,00,000"
232,Harpreet  Brar,All-Rounder,"2,00,00,000"
233,Jitesh Sharma,Wicket Keeper,"1,00,00,000"
234,Prabhsimran Singh,Wicket Keeper,"2,00,00,000"
235,Ishan Porel,Bowler,"1,00,00,000"
236,Odean Smith,All-Rounder,"2,00,00,000"
237,Sandeep Sharma,Bowler,"2,00,00,000"
238,Raj Angad Bawa,All-Rounder,"2,00,00,000"
239,Rishi Dhawan,All-Rounder,"2,00,00,000"
240,Nathan Elis,Bowler,"2,00,00,000"
241,Prerak Mankad,All-Rounder,"1,00,00,000"
242,Atharva Taide,All-Rounder,"1,00,00,000"
243,Bhanuka Rajapaksa,Batsman,"2,00,00,000"
244,Benny Howell,All-Rounder,"1,00,00,000"
245,Writtick Chatterjee,All-Rounder,"1,00,00,000"
246,Baltej Dhanda,Bowler,"1,00,00,000"
247,Ansh Patel,All-Rounder,"1,00,00,000"
248,R. Ashwin,All-Rounder,"2,00,00,000"
249,Shimron Hetmyer,Batsman,"2,00,00,000"
250,Devdutt Padikkal,Batsman,"2,00,00,000"
251,Prasidh Krishna,Bowler,"2,00,00,000"
252,Yuzvendra Chahal,Bowler,"2,00,00,000"
253,Riyan Parag,All-Rounder,"2,00,00,000"
254,James Neesham,All-Rounder,"2,00,00,000"
255,Nathan Coulter-Nile,Bowler,"2,00,00,000"
256,Navdeep Saini,Bowler,"2,00,00,000"
257,Kuldeep  Sen,Bowler,"1,00,00,000"
258,Karun Nair,Batsman,"2,00,00,000"
259,Rassie Van Der Dussen,Batsman,"2,00,00,000"
260,Obed Mccoy,Bowler,"2,00,00,000"
261,Dhruv Jurel,Wicket Keeper,"1,00,00,000"
262,Tejas Baroka,Bowler,"1,00,00,000"
263,Kuldip Yadav,Bowler,"1,00,00,000"
264,Shubham Garhwal,All-Rounder,"1,00,00,000"
265,Anunay Singh,All-Rounder,"1,00,00,000"
266,Faf Du Plessis,Batsman,"2,00,00,000"
267,Harshal Patel,All-Rounder,"2,00,00,000"
268,Dinesh  Karthik,Wicket Keeper,"2,00,00,000"
269,Josh Hazlewood,Bowler,"2,00,00,000"
270,Anuj Rawat,Wicket Keeper,"2,00,00,000"
271,Akash  Deep,Bowler,"1,00,00,000"
272,Karn Sharma,Bowler,"2,00,00,000"
273,Mahipal Lomror,All-Rounder,"2,00,00,000"
274,Finn Allen,Batsman,"2,00,00,000"
275,Sherfane Rutherford,All-Rounder,"2,00,00,000"
276,Jason Behrendorff,Bowler,"2,00,00,000"
277,Siddharth  Kaul,Bowler,"2,00,00,000"
278,Luvnith Sisodia,Wicket Keeper,"1,00,00,000"
279,Chama Milind,Bowler,"1,00,00,000"
280,Aneeshwar Gautam,All-Rounder,"1,00,00,000"
281,David Willey,All-Rounder,"2,00,00,000"
282,Washington Sundar,All-Rounder,"2,00,00,000"
283,Bhuvneshwar Kumar,Bowler,"2,00,00,000"
284,T. Natarajan,Bowler,"2,00,00,000"
285,Vishnu Vinod,Wicket Keeper,"2,00,00,000"
286,Jagadeesha Suchith,Bowler,"1,00,00,000"
287,Aiden Markram,Batsman,"2,00,00,000"
288,Marco Jansen,All-Rounder,"2,00,00,000"
289,Glenn Phillips,Wicket Keeper,"2,00,00,000"
290,Fazalhaq Farooqi,Bowler,"2,00,00,000"
291,Sean Abbott,Bowler,"2,00,00,000"
292,R Samarth,Batsman,"1,00,00,000"
293,Shashank Singh,All-Rounder,"1,00,00,000"
294,Saurabh Dubey,Bowler,"1,00,00,000"
295,Tom Curran,All-Rounder,"2,00,00,000"
296,Steven Smith,Batsman,"1,00,00,000"
297,Lukman Hussain Meriwala,Bowler,"1,00,00,000"
298,M Siddharth,Bowler,"1,00,00,000"
299,Harbhajan Singh,Bowler,"2,00,00,000"
300,Ben Cutting,All-Rounder,"2,00,00,000"
301,Pawan Negi,All-Rounder,"2,00,00,000"
302,Venkatesh Iyer,All-Rounder,"1,00,00,000"
303,Arjun Tendulkar,All-Rounder," 20,00,000"
304,Moises Henriques,All-Rounder,"1,00,00,000"
305,Dawid Malan,All-Rounder,"1,50,00,000"
306,Utkarsh Singh,All-Rounder,"1,00,00,000"
307,Christopher Morris,All-Rounder,"2,00,00,000"
308,Glenn Maxwell,All-Rounder,"2,00,00,000"
309,Dan Christian,All-Rounder,"1,00,00,000"
310,Sachin Baby,Batsman,"1,00,00,000"
311,Rajat Patidar,Batsman,"1,00,00,000"
312,Kona Srikar Bharat,Wicket Keeper," 20,00,000"
313,Kedar Jadhav,All-Rounder,"2,00,00,000"
314,Mujeeb Zadran,Bowler,"1,50,00,000"
315,J Suchith,Bowler,"1,00,00,000"
316,Alex Carey,Wicket Keeper,"1,00,00,000"
317,Tushar Deshpande,Bowler,"1,00,00,000"
318,Sheldon Cottrell,Bowler,"2,00,00,000"
319,Ravi Bishnoi,Bowler,"2,00,00,000"
320,Eoin Morgan,Batsman,"2,00,00,000"
321,Tom Banton,Batsman,"1,00,00,000"
322,Rahul Tripathi,Batsman,"2,00,00,000"
323,Chris Green,All-Rounder,"1,00,00,000"
324,Nikhil Shankar Naik,Wicket Keeper,"1,00,00,000"
325,Pravin Tambe,Bowler,"1,00,00,000"
326,M Siddharth,Bowler,"1,00,00,000"
327,Chris Lynn,Batsman,"2,00,00,000"
328,Digvijay Deshmukh,All-Rounder,"1,00,00,000"
329,Prince Balwant Rai Singh,All-Rounder,"1,00,00,000"
330,Yashasvi Jaiswal,All-Rounder,"1,00,00,000"
331,Oshane Thomas,Bowler,"2,00,00,000"
332,Anirudha Ashok Joshi,All-Rounder,"1,00,00,000"
333,Isuru Udana,All-Rounder,"2,00,00,000"
334,Shahbaz Ahamad,Wicket Keeper,"1,00,00,000"
335,Joshua Philippe,Wicket Keeper,"1,00,00,000"
336,Pavan Deshpande,All-Rounder,"1,00,00,000"
337,Priyam Garg,Batsman,"1,90,00,000"
338,Virat Singh,Batsman,"1,90,00,000"
339,Sandeep Bavanaka,All-Rounder,"1,00,00,000"
340,Sanjay Yadav,All-Rounder,"1,00,00,000"
341,Abdul Samad,All-Rounder,"1,00,00,000"
342,Colin Ingram,Batsman,"2,00,00,000"
343,Axar Rajesh Patel,All-Rounder,"1,00,00,000"
344,Hanuma Vihari,Batsman,"2,00,00,000"
345,Keemo Paul,All-Rounder,"2,00,00,000"
346,Ankush Bains,Wicket Keeper,"1,00,00,000"
347,Nathu Singh,Bowler,"1,00,00,000"
348,Bandaru Ayyappa,Bowler,"1,00,00,000"
349,Varun Chakaravarthy,All-Rounder,"2,00,00,000"
350,Hardus Viljoen,Bowler,"2,00,00,000"
351,Arshdeep Singh,Bowler,"1,00,00,000"
352,Agnivesh Ayachi,All-Rounder,"1,00,00,000"
353,M. Ashwin,Bowler,"1,00,00,000"
354,Joe Denly,Batsman,"1,00,00,000"
355,Harry Gurney,Bowler,"2,00,00,000"
356,Shrikant Mundhe,All-Rounder,"1,00,00,000"
357,Prithvi Raj Yarra,Bowler,"1,00,00,000"
358,Anrich Nortje,Bowler,"1,00,00,000"
359,Lasith Malinga,Bowler,"2,00,00,000"
360,Yuvraj Singh,All-Rounder,"1,00,00,000"
361,Anmolpreet Singh,Batsman,"2,00,00,000"
362,Pankaj Jaswal,All-Rounder,"1,00,00,000"
363,Ashton Turner,All-Rounder,"2,00,00,000"
364,Liam Livingstone,All-Rounder,"2,00,00,000"
365,Shubham Ranjane,All-Rounder,"1,00,00,000"
366,Akshdeep Nath,All-Rounder,"1,00,00,000"
367,Prayas Ray Barman,All-Rounder,"1,50,00,000"
368,Himmat Singh,Batsman,"2,00,00,000"
369,Heinrich Klaasen,Wicket Keeper,"2,00,00,000"
370,Devdutt Padikkal,Batsman,"1,00,00,000"
371,Milind Kumar,All-Rounder,"1,00,00,000"
372,Vijay Shankar,All-Rounder,"1,00,00,000"
373,Gautam Gambhir,Batsman,"1,00,00,000"
374,Trent Boult,Bowler,"1,00,00,000"
375,Colin Munro,All-Rounder,"1,90,00,000"
376,Daniel Christian,All-Rounder,"1,50,00,000"
377,Prithvi Shaw,Batsman,"1,20,00,000"
378,Gurkeerat Singh Mann,All-Rounder,"2,00,00,000"
379,Avesh Khan,Bowler,"2,00,00,000"
380,Abhishek Sharma,All-Rounder,"2,00,00,000"
381,Manjot Kalra,Batsman,"1,00,00,000"
382,Sandeep Lamichhane,Bowler,"1,00,00,000"
383,KL Rahul,Batsman,"2,00,00,000"
384,Ravichandran Ashwin,All-Rounder,"2,00,00,000"
385,Aaron Finch,Batsman,"2,00,00,000"
386,Marcus Stoinis,All-Rounder,"2,00,00,000"
387,Christopher Gayle,Batsman,"2,00,00,000"
388,Ben Dwarshuis,Bowler,"1,40,00,000"
389,Manzoor Dar,All-Rounder,"1,00,00,000"
390,Pardeep Sahu,Bowler,"1,00,00,000"
391,Mitchell Starc,Bowler,"2,00,00,000"
392,Robin Uthappa,Wicket Keeper,"2,00,00,000"
393,Kuldeep Singh Yadav,Bowler,"2,00,00,000"
394,Mitchell Johnson,Bowler,"2,00,00,000"
395,Shubman Gill,Batsman,"1,80,00,000"
396,Ranganath Vinay Kumar,Bowler,"1,00,00,000"
397,Cameron Delport,All-Rounder,"1,00,00,000"
398,Javon Searless,All-Rounder,"1,00,00,000"
399,Apoorv Vijay Wankhade,Batsman,"1,00,00,000"
400,Ishank Jaggi,Batsman,"1,00,00,000"
401,Kieron Pollard,All-Rounder,"2,00,00,000"
402,Pradeep Sangwan,Bowler,"1,50,00,000"
403,Jean-Paul Duminy,All-Rounder,"1,00,00,000"
404,Saurabh Tiwary,Batsman,"2,00,00,000"
405,Tajinder Dhillon,All-Rounder,"2,00,00,000"
406,Akila Dhananjaya,Bowler,"2,00,00,000"
407,Nidheesh M D Dinesan,Bowler,"1,00,00,000"
408,Siddhesh Dinesh Lad,Batsman,"1,00,00,000"
409,Sharad Lumba,Batsman,"1,00,00,000"
410,Mohsin Khan,Bowler,"1,00,00,000"
411,Sanju Samson,Wicket Keeper,"2,00,00,000"
412,Krishnappa Gowtham,Bowler,"2,00,00,000"
413,Jos Buttler,Wicket Keeper,"1,00,00,000"
414,Ajinkya Rahane,Batsman,"1,00,00,000"
415,Darcy Short,All-Rounder,"1,00,00,000"
416,Dhawal Kulkarni,Bowler,"2,00,00,000"
417,Zahir Khan Pakteen,Bowler,"2,00,00,000"
418,Ben Laughlin,Bowler,"2,00,00,000"
419,Stuart Binny,All-Rounder,"2,00,00,000"
420,Anureet Singh,Bowler,"1,00,00,000"
421,Aryaman Vikram Birla,All-Rounder,"1,00,00,000"
422,Midhun S,All-Rounder,"1,00,00,000"
423,Prashant Chopra,Wicket Keeper,"1,00,00,000"
424,Jatin Saxena,All-Rounder,"1,00,00,000"
425,Ankit Sharma,All-Rounder,"1,00,00,000"
426,Yuzvendra Singh Chahal,Bowler,"2,00,00,000"
427,Brendon McCullum,Batsman,"1,00,00,000"
428,M.S. Washington Sundar,All-Rounder,"1,00,00,000"
429,Navdeep Saini,Bowler,"1,00,00,000"
430,Mohammed Siraj,Bowler,"1,00,00,000"
431,Colin De Grandhomme,All-Rounder,"1,00,00,000"
432,Parthiv Patel,Wicket Keeper,"1,70,00,000"
433,Moeen Ali,All-Rounder,"1,70,00,000"
434,Anirudha Ashok Joshi,All-Rounder,"1,00,00,000"
435,Rashid Khan Arman,Bowler,"2,00,00,000"
436,Siddarth Kaul,Bowler,"1,00,00,000"
437,Carlos Brathwaite,All-Rounder,"2,00,00,000"
438,Shakib Al Hasan,All-Rounder,"2,00,00,000"
439,Yusuf Pathan,All-Rounder,"1,90,00,000"
440,Shreevats Goswami,Wicket Keeper,"1,00,00,000"
441,Billy Stanlake,Batsman,"2,00,00,000"
442,Bipul Sharma,All-Rounder,"1,00,00,000"
443,Syed Mehdi Hasan,All-Rounder,"1,00,00,000"
444,Tanmay Agarwal,Batsman,"1,00,00,000"
445,Basil Thampi,Bowler,"2,00,00,000"
446,Manpreet Gony,Bowler,"2,00,00,000"
447,Munaf Patel,Bowler,"1,00,00,000"
448,Akshdeep Nath,All-Rounder,"10,00,000"
449,Shubam Agrawal,All-Rounder,"10,00,000"
450,Tejas Singh Baroka,Bowler,"10,00,000"
451,Chirag Suri,Batsman,"10,00,000"
452,Shelley Shaurya,Bowler,"10,00,000"
453,Matt Henry,Bowler,"2,00,00,000"
454,Martin Guptill,Batsman,"2,00,00,000"
455,Darren Sammy,All-Rounder,"1,00,00,000"
456,Darren Bravo,Batsman,"2,00,00,000"
457,Sayan Ghosh,Bowler,"10,00,000"
458,R. Sanjay Yadav,All-Rounder,"10,00,000"
459,Karn Sharma,All-Rounder,"1,00,00,000"
460,Krishnappa Gowtham,All-Rounder,"2,00,00,000"
461,Asela Gunarathna,Batsman,"1,00,00,000"
462,Manoj Tiwary,Batsman,"2,00,00,000"
463,Saurabh Kumar,Bowler,"10,00,000"
464,Milind Tandon,All-Rounder,"10,00,000"
465,Rahul Ajay Tripathi,All-Rounder,"10,00,000"
466,Aniket Choudhary,Bowler,"2,00,00,000"
467,Billy Stanlake,Bowler,"1,00,00,000"
468,Praveen Kumar,Bowler,"1,00,00,000"
469,Dale Steyn,Bowler,"1,00,00,000"
470,Dwayne Smith,All-Rounder,"1,00,00,000"
471,Andrew Tye,All-Rounder,"2,00,00,000"
472,Jaydev Shah,All-Rounder,"1,00,00,000"
473,Shivil Kaushik,Bowler,"10,00,000"
474,Sarabjit Ladda,Bowler,"10,00,000"
475,Umang Sharma,Batsman,"10,00,000"
476,Paras Dogra,Batsman,"10,00,000"
477,Kyle Abbott,Bowler,"1,00,00,000"
478,K.C. Cariappa,Bowler,"2,00,00,000"
479,Farhaan Behardien,All-Rounder,"1,00,00,000"
480,Armaan Jaffer,Batsman,"10,00,000"
481,John Hastings,Bowler,"1,30,00,000"
482,Rajagopal Sathish,All-Rounder,"1,00,00,000"
483,Manan Ajay Sharma,All-Rounder,"10,00,000"
484,Krunal Pandya,All-Rounder,"2,00,00,000"
485,Kishore Pramod Kamath,All-Rounder,"1,40,00,000"
486,Irfan Pathan,All-Rounder,"1,00,00,000"
487,Rajat Bhatia,All-Rounder,"2,00,00,000"
488,Scott Boland,Bowler,"2,00,00,000"
489,Peter Handscomb,Wicket Keeper,"1,00,00,000"
490,Rudra Pratap Singh,Bowler,"1,00,00,000"
491,Ishwar Chandra Pandey,Bowler,"1,00,00,000"
492,Jaskaran Singh,Bowler,"10,00,000"
493,Baba Aparajith,All-Rounder,"10,00,000"
494,Shane Watson,All-Rounder,"2,00,00,000"
495,Stuart Binny,All-Rounder,"2,00,00,000"
496,Samuel Badree,Bowler,"2,00,00,000"
497,Vikramjeet Malik,Bowler,"1,00,00,000"
498,Akshay Karnewar,All-Rounder,"10,00,000"
499,Vikas Tokas,Bowler,"10,00,000"
500,Ashish Nehra,Bowler,"2,00,00,000"
501,Barinder Singh Sran,Bowler,"1,20,00,000"
502,Abhimanyu Mithun,Bowler,"1,00,00,000"
503,Tirumalasetti Suman,Batsman,"10,00,000"
504,Angelo Mathews,All-Rounder,"2,00,00,000"
505,Gurinder Sandhu,Bowler,"1,70,00,000"
506,Domnic Joseph Muthuswamy,Bowler,"2,00,00,000"
507,Albie Morkel,All-Rounder,"1,00,00,000"
508,C.M. Gautam,Wicket Keeper,"1,00,00,000"
509,K.K. Jiyaz,Bowler,"10,00,000"
510,Murali Vijay,Batsman,"1,00,00,000"
511,Yogesh Gowalkar,All-Rounder,"10,00,000"
512,James Neesham,All-Rounder,"2,00,00,000"
513,Brad Hogg,Bowler,"2,00,00,000"
514,Aditya Garhwal,All-Rounder,"1,00,00,000"
515,Sumit Narwal,All-Rounder,"10,00,000"
516,Vaibhav Rawal,All-Rounder,"10,00,000"
517,Pragyan Ojha,Bowler,"2,00,00,000"
518,Mitchell McClenaghan,Bowler,"1,00,00,000"
519,Aiden Blizzard,Batsman,"1,00,00,000"
520,Hardik Pandya,All-Rounder,"10,00,000"
521,Akshay Wakhare,Bowler,"10,00,000"
522,J. Suchitch,All-Rounder,"10,00,000"
523,Juan Theron,Bowler,"1,00,00,000"
524,Dinesh Salunkhe,All-Rounder,"10,00,000"
525,Sagar Trivedi,All-Rounder,"10,00,000"
526,Sarfaraz Naushad Khan,Batsman,"2,00,00,000"
527,Subramaniam Badrinath,Batsman,"1,00,00,000"
528,Shishir Bhavane,Batsman,"10,00,000"
529,Kevin Pietersen,Batsman,"2,00,00,000"
530,Ravi Bopara,All-Rounder,"1,00,00,000"
531,Ross Taylor,Batsman,"2,00,00,000"
532,Rahul Sharma,Bowler,"1,90,00,000"
533,Laxmi Ratan Shukla,All-Rounder,"1,50,00,000"
534,Wayne Parnell,Bowler,"1,00,00,000"
535,Shahbaz Nadeem,Bowler,"2,00,00,000"
536,Rahul Shukla,Bowler,"1,00,00,000"
537,HS Sharath,Bowler,"10,00,000"
538,Milind Kumar,Batsman,"10,00,000"
539,George Bailey,Batsman,"1,00,00,000"
540,Virender Sehwag,Batsman,"1,00,00,000"
541,Wriddhiman Saha,Wicket Keeper,"1,00,00,000"
542,Shaun Marsh,Batsman,"1,00,00,000"
543,Cheteshwar Pujara,Batsman,"1,90,00,000"
544,Beuran Hendricks,Bowler,"1,80,00,000"
545,Lakshmipathy Balaji,Bowler,"1,80,00,000"
546,Gurkirat Singh Mann,Batsman,"1,30,00,000"
547,Murali Kartik,Bowler,"1,00,00,000"
548,Mandeep Hardev Singh,All-Rounder,"2,00,00,000"
549,Akshar Rajesh Patel,All-Rounder,"2,00,00,000"
550,Parvinder Awana,Bowler,"2,00,00,000"
551,Shardul Narendra Thakur,Bowler,"1,00,00,000"
552,Shivam Sharma,Bowler,"10,00,000"
553,Karanveer Singh,All-Rounder,"10,00,000"
554,Jacques Kallis,All-Rounder,"2,00,00,000"
555,Morne Morkel,Bowler,"1,00,00,000"
556,Patrick Cummins,Bowler,"1,00,00,000"
557,Ryan Ten Doeschate,All-Rounder,"1,00,00,000"
558,Suryakumar Yadav,Batsman,"2,00,00,000"
559,Andre Russell,All-Rounder,"2,00,00,000"
560,Manvinder Bisla,Wicket Keeper,"2,00,00,000"
561,Veer Pratap Singh,Bowler,"1,00,00,000"
562,Debabrata Das,Wicket Keeper,"1,00,00,000"
563,Sayan Sekhar Mandal,All-Rounder,"10,00,000"
564,Michael Hussey,Batsman,"1,00,00,000"
565,Corey Anderson,All-Rounder,"1,00,00,000"
566,Aditya Tare,Wicket Keeper,"1,60,00,000"
567,Jasprit Bumrah,Bowler,"1,20,00,000"
568,Jalaj Saxena,All-Rounder,"2,00,00,000"
569,Marchant De Lange,Bowler,"1,00,00,000"
570,Krismar Santokie,Bowler,"1,00,00,000"
571,Ben Dunk,Wicket Keeper,"1,00,00,000"
572,Pawan Suyal,Bowler,"10,00,000"
573,Sushant Marathe,Wicket Keeper,"10,00,000"
574,Brad Hodge,Batsman,"1,00,00,000"
575,Abhishek Nayar,All-Rounder,"1,00,00,000"
576,Ben Cutting,Bowler,"2,00,00,000"
577,Unmukt Chand,Batsman,"2,00,00,000"
578,Iqbal Abdullah,All-Rounder,"2,00,00,000"
579,Dishant Yagnik,Wicket Keeper,"1,00,00,000"
580,Kevon Cooper,All-Rounder,"1,00,00,000"
581,Ankit Nagendra Sharma,Bowler,"10,00,000"
582,Albie Morkel,All-Rounder,"1,00,00,000"
583,Ashok Dinda,Bowler,"1,50,00,000"
584,Muttiah Muralitharan,Bowler,"1,00,00,000"
585,Ravi Rampaul,Bowler,"2,00,00,000"
586,Nic Maddinson,Batsman,"2,00,00,000"
587,Vijay Zol,Batsman,"1,00,00,000"
588,Abu Nechim Ahmed,Bowler,"1,00,00,000"
589,Sachin Rana,Bowler,"1,00,00,000"
590,Shadab Jakati,Bowler,"1,00,00,000"
591,Tanmay Mishra,Batsman,"10,00,000"
592,Parveez Rasool,All-Rounder,"2,00,00,000"
593,Venugopal Rao,Batsman,"2,00,00,000"
594,Naman Ojha,Wicket Keeper,"2,00,00,000"
595,Brendan Taylor,Wicket Keeper,"1,00,00,000"
596,Prasanth Parameswaran,Bowler,"1,00,00,000"
597,Amit Paunikar,Wicket Keeper,"1,00,00,000"
598,Ashish Reddy,Bowler,"1,00,00,000"
599,Srikkanth Anirudha,Batsman,"1,00,00,000"
600,Chama Milind,Bowler,"10,00,000"
601,Manprit Juneja,Batsman,"10,00,000"
602,Johan Botha,All-Rounder,"1,00,00,000"
603,Jesse Ryder,All-Rounder,"1,00,00,000"
604,Jeevan Mendis,All-Rounder,"2,00,00,000"
605,Luke Pomersbach,Batsman,"1,00,00,000"
606,Sachithra Senanayaka,All-Rounder,"2,00,00,000"
607,Ryan McLaren,Bowler,"2,00,00,000"
608,Ricky Ponting,Batsman,"3,00,00,000"
609,Philip Hughes,Batsman,"100,000"
610,Jacob Oram,All-Rounder,"2,00,00,000"
611,Ajantha Mendis,Bowler,"2,00,00,000"
612,Kane Richardson,Bowler,"2,00,00,000"
613,Michael Clarke,Batsman,"1,00,00,000"
614,James Faulkner,All-Rounder,"1,00,00,000"
615,Fidel Edwards,Bowler,"1,00,00,000"
616,Kusal Janith Perera,Wicket Keeper,"1,00,00,000"
617,Rudra Pratap Singh,Bowler,"1,00,00,000"
618,Pankaj Singh,Bowler,"150,000"
619,Christopher Barnwell,All-Rounder,"2,00,00,000"
620,Thisara Perera,All-Rounder,"2,00,00,000"
621,Sudeep Tyagi,Bowler,"100,000"
622,Clinton McKay,Bowler,"100,000"
623,Nathan McCullum,Bowler,"100,000"
624,AB de Villiers,Wicketkeeper Batter,"2,00,00,000"
625,Aakash Chopra,Batter,"2,00,00,000"
626,Aarya Desai,Batsman,"2,00,00,000"
627,Abhinav Mukund,Batter,"2,00,00,000"
628,Abhishek Jhunjhunwala,Batter,"2,00,00,000"
629,Abishek Porel,Wicketkeeper Batter,"2,00,00,000"
630,Adam Gilchrist,Wicketkeeper Batter,"2,00,00,000"
631,Akshath Reddy,Batter,"2,00,00,000"
632,Ankeet Chavan,Batter,"2,00,00,000"
633,Arun Karthik,Batter,"2,00,00,000"
634,Aryaman Birla,Batter,"2,00,00,000"
635,Asad Pathan,Batter,"2,00,00,000"
636,BR Sharath,Wicketkeeper Batter,"2,00,00,000"
637,Bharat Chipli,Batter,"2,00,00,000"
638,Brad Haddin,Wicketkeeper Batter,"2,00,00,000"
639,C Hari Nishaanth,Batter,"2,00,00,000"
640,Cameron White,Batter,"2,00,00,000"
641,Chidhambaram Gautam,Wicketkeeper Batter,"2,00,00,000"
642,Davy Jacobs,Wicketkeeper Batter,"2,00,00,000"
643,Dhruv Shorey,Batter,"2,00,00,000"
644,Dwaraka Ravi Teja,Batter,"2,00,00,000"
645,Eklavya Dwivedi,Wicketkeeper,"2,00,00,000"
646,Faiz Fazal,Batter,"2,00,00,000"
647,Graeme Smith,Batter,"2,00,00,000"
648,Gurkeerat Mann Singh,Batter,"2,00,00,000"
649,Harpreet Singh,Batter,"2,00,00,000"
650,Harvik Desai,Wicketkeeper Batter,"2,00,00,000"
651,Hashim Amla,Batter,"2,00,00,000"
652,Herschelle Gibbs,Batter,"2,00,00,000"
653,Jake Fraser-McGurk,Bowler,"2,00,00,000"
654,Johnson Charles,WK-Batsman,"2,00,00,000"
655,Josh Philippe,Wicketkeeper Batter,"2,00,00,000"
656,K.S Bharat,Wicketkeeper Batter,"2,00,00,000"
657,Kumar Sangakkara,Wicketkeeper Batter,"2,00,00,000"
658,Kushal Janith Perera,Wicketkeeper Batter,"2,00,00,000"
659,Lendl Simmons,Batter,"2,00,00,000"
660,MS Dhoni,Wicketkeeper Batter,"4,00,00,000"
661,Mahela Jayawardene,Batter,"2,00,00,000"
662,Mahesh Rawat,Wicketkeeper Batter,"2,00,00,000"
663,Manpreet Juneja,Batter,"2,00,00,000"
664,Matthew William Short,Batter,"2,00,00,000"
665,Mithun Manhas,Batter,"2,00,00,000"
666,Mohammad Kaif,Batter,"2,00,00,000"
667,Mohammed Azharuddeen,Wicketkeeper Batter,"2,00,00,000"
668,Narayan Jagadeesan,Wicketkeeper Batter,"2,00,00,000"
669,Nikhil Naik,Wicketkeeper Batter,"2,00,00,000"
670,Nitin Saini,Batter,"2,00,00,000"
671,Owais Shah,Batter,"2,00,00,000"
672,Paul Valthaty,Batter,"2,00,00,000"
673,Pradeep Sahu,Batter,"2,00,00,000"
674,Quinton de Kock,Wicketkeeper Batter,"2,00,00,000"
675,Rahmanullah Gurbaz,Batter,"2,00,00,000"
676,Rahul Dravid,Batter,"2,00,00,000"
677,Rishabh Pant,Wicketkeeper Batter,"2,00,00,000"
678,Rohit Sharma,Batter,"4,00,00,000"
679,Ruturaj Gaikwad,Batter,"2,00,00,000"
680,Sachin Tendulkar,Batter,"4,00,00,000"
681,Siddharth Chitnis,Batter,"2,00,00,000"
682,Siddhesh Lad,Batter,"2,00,00,000"
683,Sunny Singh,Batter,"2,00,00,000"
684,Sunny Sohal,Batter,"2,00,00,000"
685,Suresh Raina,Batter,"3,00,00,000"
686,Suryansh Shedge,Batter,"2,00,00,000"
687,Suyash S Prabhudessai,Batter,"2,00,00,000"
688,Tanmay Srivastava,Batter,"2,00,00,000"
689,Thalaivan Sargunam,Batter,"2,00,00,000"
690,Virat Kohli,Batter,"4,00,00,000"